"culmen_length_mm","culmen_depth_mm","flipper_length_mm"
43.8783018868,19.1113207547,194.7641509434
45.5637931034,14.2379310345,212.7068965517
40.2177570093,17.6112149533,189.046728972
49.4737704918,15.7180327869,221.5409836066